Item Name,Type,Category,Item Code,Sales Price,Quantity
Pari Jama One Pieces,Product,Clothes/Set Dress,12031035,"Rs. 2,600",8
Cute photoshoot dress with glass,Product,Clothes/Set Dress,1034,"Rs. 1,650",51 PCS
Hello Panda (set dress),Product,Clothes/Set Dress,1033,"Rs. 1,000",30 PCS
Party Dress,Product,General,--,"Rs. 1,900",4
Haodou Tshirt,Product,Clothes,2001032,Rs. 950,22 PCS
nancy underwear,Product,General,--,Rs. 250,39 PCS
cami (Dont know ),Product,General,--,Rs. 300,98
Broach,Product,General,--,Rs. 780,100
Hair Band (Bow),Product,General,1031,Rs. 450,31
Hair Band (Rabbit),Product,Care And Beauty/Sewa Organics,--,Rs. 0,42
AAA Baby Shoes,Product,General,593,Rs. 550,10
Shoes,Product,General,706,Rs. 500,11 PCS
Ice Set Dress (Beetla Knight) Size 65,Product,Clothes/Set Dress,5031030,Rs. 920,12 PCS
Ice Set Dress (Beetla Knight) Size 60,Product,Clothes/Set Dress,5031029,Rs. 920,5 PCS
Ice Set Dress (Beetla Knight) Size 55,Product,Clothes/Set Dress,5031028,Rs. 920,12
Suspender Full Set,Product,Clothes,10031027,"Rs. 1,950",17 PCS
Jeans Frock,Product,Clothes,9031026,"Rs. 1,650",31 PCS
Cami Top,Product,Clothes/Set Dress,9021025,Rs. 850,17 PCS
Bag Tshirt,Product,Clothes,9021024,"Rs. 1,350",30 PCS
Hair Comb,Product,Care And Beauty/Hygiene,1023,Rs. 175,50
Hair Brush,Product,Care And Beauty/Hygiene,1022,Rs. 350,50
Metal Bottle printed,Product,General,1021,"Rs. 1,150",51
Muslin rufle Set,Product,Clothes/Set Dress,1020,Rs. 950,2
ETEN Boy Tshirt,Product,Clothes,1031118,Rs. 550,"1,061"
Tinywings Girl tshirt,Product,Clothes,10119,Rs. 650,446
Makeup small suitcase,Product,Toys And Dolls,1015,"Rs. 3,200",5
Set of Two Cami,Product,General,1011,Rs. 700,14 PRS
Makeup Bag,Product,General,1010,"Rs. 2,000",19
Colour Suitcase Box,Product,General,1009,"Rs. 2,800",15
Premium Makeup Bag,Product,Toys And Dolls,1017,"Rs. 3,000",7
Biker Short (boleedaga),Product,Clothes,3000115,Rs. 950,136
Blanket (HULEDO),Product,General,1014,"Rs. 2,000",19
Muslin (nightsuit) 160,Product,Clothes/Set Dress,2103013,"Rs. 1,350",8
Muslin (nightsuit) 150,Product,General,2103012,"Rs. 1,350",15
Muslin (nightsuit) 140,Product,Clothes/Set Dress,2103011,"Rs. 1,350",11
Muslin (nightsuit) 130,Product,Clothes/Set Dress,2103010,"Rs. 1,350",14
Muslin (nightsuit) 120,Product,Clothes/Set Dress,2102012,"Rs. 1,350",25
Muslin (nightsuit) 110,Product,Clothes/Set Dress,2102011,"Rs. 1,350",17
Muslin (nightsuit) 100,Product,Clothes/Set Dress,2102010,"Rs. 1,350",18
Muslin (nightsuit) 90,Product,Clothes/Set Dress,2102009,"Rs. 1,350",15
Forever Half Set,Product,Clothes/Set Dress,1008,"Rs. 1,600",20
Frock (LANXIBEIBEI),Product,Clothes/Set Dress,2002007,Rs. 800,99
MICKEY WITH GLASSES,Product,General,2101006,"Rs. 1,350",99
Sunday Frock,Product,Clothes,1006,"Rs. 2,000",8
Party Frock (MI GU MI ER),Product,Clothes,1005,"Rs. 3,750",5
The9rind( set ),Product,Clothes/Set Dress,1004,"Rs. 2,000",7
Half Pant ( colourful),Product,Clothes,1003,Rs. 650,46
NY Croces(24-29),Product,General,1001,Rs. 850,15
NY Croces(19-23),Product,General,1000,Rs. 850,20
Kuromi Croces,Product,General,999,Rs. 850,18
Hello kitty Croces,Product,General,998,Rs. 850,13
Spider Croces,Product,General,997,Rs. 850,13
Sport Jacket,Product,Clothes,996,"Rs. 1,200",5
"Bus,Car Jacket",Product,General,995,"Rs. 1,500",2 PCS
Cartoon Jacket,Product,Clothes,994,"Rs. 1,000",9
RS&L Small Size,Product,Clothes,2003993,"Rs. 1,600",29 PCS
RS&L Pant,Product,Clothes,2003992,"Rs. 1,800",30 PCS
Kitty Bow Jeans Pant,Product,Clothes,2003991,"Rs. 1,500",12 PCS
Mickey without glass,Product,Clothes,2104007,"Rs. 1,350",12
Bear Bow tshirt,Product,Clothes,989,"Rs. 1,000",37
Game set (Football) (Size L),Product,Clothes/Set Dress,100987,"Rs. 1,100",46
Game set (Football) (Size M),Product,General,100986,"Rs. 1,100",25
Flower Full Shirt (Size 140),Product,General,900985,"Rs. 1,000",5
Flower Full Shirt (Size 130),Product,General,900984,"Rs. 1,000",9
Flower Full Shirt (Size 120),Product,General,900983,"Rs. 1,000",9
Flower Full Shirt (Size 110),Product,General,900982,"Rs. 1,000",8
Flower Full Shirt (Size 100),Product,General,900781,"Rs. 1,000",10 PCS
Printed Sweat Shirt (Size 150),Product,General,1000980,"Rs. 1,000",30 PCS
Printed Sweat Shirt (Size 140),Product,General,1000979,"Rs. 1,000",31 PCS
Printed Sweat Shirt (Size 130),Product,General,1000977,"Rs. 1,000",31 PCS
Printed Sweat Shirt (Size 120),Product,General,1000978,"Rs. 1,000",29
FLower OnePiece Frock ( 130 size),Product,General,1200976,"Rs. 1,800",17
FLower OnePiece Frock ( 150 size),Product,Clothes/Set Dress,1200974,"Rs. 1,800",7 PCS
FLower OnePiece Frock ( 140 size),Product,General,1200973,"Rs. 1,800",3 PCS
FLower OnePiece Frock ( 120 size),Product,General,1200972,"Rs. 1,800",1 PCS
FLower OnePiece Frock ( 110 size),Product,Clothes/Set Dress,1200971,"Rs. 1,800",8 PCS
FLower OnePiece Frock ( 100 size),Product,General,1200970,"Rs. 1,800",13 PCS
Short Set,Product,Clothes/Set Dress,600969,Rs. 850,78 PCS
KIDS lEGGING,Product,General,--,Rs. 450,197 PCS
Boys Pant Set,Product,Clothes/Set Dress,800967,"Rs. 1,200",27
Jumpsuits,Product,Clothes/Romper,1100966,Rs. 700,26 PCS
Tiny Crew Set Dress,Product,Clothes/Set Dress,965,"Rs. 1,100",62
Disney Lilo Stitch Set Dress,Product,General,964,"Rs. 1,000",3 PCS
Sweet Potato,Product,Food,1700962,Rs. 590,4 PCS
ice printed set,Product,Clothes,503961,Rs. 920,24
Mix Cotton Set,Product,Clothes,960,Rs. 900,147
Ice Printed Sando,Product,Clothes,959,Rs. 350,52 PCS
Bow Red Frock,Product,Clothes,958,"Rs. 2,000",12 PCS
Staright Pants (KIDS LIFE),Product,Clothes,957,"Rs. 2,150",4 PCS
Cartoon Outer,Product,Clothes,956,Rs. 800,8
Unicon Onepieces,Product,Clothes,955,Rs. 900,11 PCS
Boy Half Set (A.T.W.Z Kids),Product,Clothes/Set Dress,954,"Rs. 2,550",4 PCS
Chicken Kari (HANDANNI AO),Product,Clothes,953,"Rs. 3,550",15 PCS
Jeans Onepieces (TANGMILI),Product,Clothes,952,"Rs. 2,400",13 PCS
Skirt (NB KIDS),Product,Clothes/Set Dress,951,"Rs. 3,300",39
Onepieces (NB KIDS),Product,General,950,"Rs. 3,650",12 PCS
Red Frock with leader outer,Product,Clothes,949,"Rs. 2,900",20 PCS
Polo Tshirt ( colourful orginal ),Product,Clothes,948,"Rs. 1,450",18 PCS
Capri Set (colourful) XXL,Product,Clothes,947,"Rs. 1,100",3
Capri Set (colourful) XL,Product,General,946,"Rs. 1,100",1 PCS
Capri Set (colourful) L,Product,Clothes,945,"Rs. 1,100",1 PCS
Capri Set (colourful) M,Product,Clothes,944,"Rs. 1,100",2 PCS
Baby Camiset ( BVT ) XXL,Product,Clothes,943,Rs. 950,5 PCS
Baby Camiset ( BVT ) XL,Product,Clothes,942,Rs. 950,5 PCS
Baby Camiset ( BVT ) L,Product,Clothes,941,Rs. 950,1 PCS
Baby Camiset ( BVT ) M,Product,Clothes,940,Rs. 950,6 PCS
Leggings( Colourful),Product,Clothes,939,"Rs. 1,000",323 PAC
5 pcs romper,Product,Clothes,938,"Rs. 1,700",18
Romper with Mitten,Product,General,937,"Rs. 1,800",13 PCS
Romper with Socks,Product,Clothes,936,"Rs. 1,500",7 PCS
Polo Half Set,Product,Clothes,935,"Rs. 1,850",8 PCS
BORDER PANT (BLACK),Product,Clothes,934,"Rs. 1,650",15
Ventas Pant (HAIMIDUOMI),Product,Clothes,933,"Rs. 2,350",4 PCS
Ballon Gurnch jeans ( T-Ban),Product,Clothes,932,"Rs. 1,900",5
Boyfriend grunch jeans( HANBELER FASHION),Product,Clothes,931,"Rs. 1,800",15
Belly Jeans (H.B.ER FASHION),Product,Clothes,930,"Rs. 1,800",20 PCS
Boyfriend Jeans (DUOFL),Product,Clothes,929,"Rs. 1,800",29 PCS
Jeans Pant (THE CHAOXIER),Product,Clothes,928,"Rs. 2,300",10 PCS
Girls 3 pcs jeans plazo(xiaozhudengdeng),Product,Clothes,927,"Rs. 3,250",10 PCS
Girl Jeans Set ( xiaozhudengdeng),Product,Clothes,926,"Rs. 2,900",14 PCS
Ice Skin Tshirt,Product,Clothes,924,Rs. 650,85 PCS
Versa Number 5-7,Product,General,923,Rs. 500,41
Versa number 2-4,Product,Clothes,922,Rs. 450,3 PCS
BEANHUT (shorts),Product,General,920,Rs. 660,18 PRS
Legging (BABODOU),Product,General,919,Rs. 700,16
Carbo Half Pant,Product,Clothes,917,Rs. 900,39
Cotton NewBorn (NB) Set,Product,Clothes/Set Dress,916,"Rs. 1,100",29 PCS
Full Ice Set (73),Product,Clothes/Set Dress,915,"Rs. 1,000",5
Full Ice Set (90),Product,Clothes/Set Dress,913,"Rs. 1,000",5 PCS
Full Ice Set (110),Product,Clothes/Set Dress,911,"Rs. 1,000",6
Elephant (pekabo),Product,Toys And Dolls,910,"Rs. 1,300",11 PCS
Floding Mat (BIG SIZE),Product,General,909,"Rs. 2,200",20 PCS
Muslin Turban,Product,Clothes/Topi,908,Rs. 350,31 PCS
Botton Muslin Bhoto 3no,Product,Clothes,907,Rs. 220,91 PCS
Botton Muslin Bhoto 2 no,Product,Clothes,906,Rs. 220,91 PCS
Botton Muslin Bhoto 1 no,Product,Clothes,905,Rs. 220,87 PCS
memory pillow ( colourful),Product,Nursing And Feeding,904,"Rs. 1,000",20 PCS
Baby Exercise Blanket exercise and piano,Product,Nursing And Feeding,903,"Rs. 1,650",24 PCS
Giraffe Rattle and Teeter,Product,Toys And Dolls,902,"Rs. 1,400",20 PCS
Breast Pump ( RH-289),Product,Nursing And Feeding,901,"Rs. 2,400",10 PCS
Doll House (Big House),Product,Toys And Dolls,900,"Rs. 3,500",1 PCS
Doll House (Small Size),Product,Toys And Dolls,899,"Rs. 2,000",5 PCS
Bunny,Product,General,898,Rs. 650,14 PCS
silicon feeding set,Product,Nursing And Feeding,897,"Rs. 1,600",34 PCS
Wisdom Hexahedral,Product,Toys And Dolls,896,"Rs. 2,050",15 PCS
Electric Induction Soft Cute Carb,Product,Care And Beauty,895,"Rs. 1,250",19 PCS
"Printed Cartoon Bottle (Spider,Mickey,Princess)",Product,Nursing And Feeding,894,Rs. 500,21 PCS
Cotton surwal (3 Print),Product,Clothes,--,Rs. 350,181
Half Fire Set Dress (Size 150),Product,Clothes/Set Dress,893,"Rs. 1,800",6
Half Fire Set Dress (Size 140),Product,Clothes/Set Dress,892,"Rs. 1,800",8 PCS
Half Fire Set Dress (Size 130),Product,Clothes/Set Dress,891,"Rs. 1,800",7
Half Fire Set Dress (Size 120),Product,Clothes/Set Dress,890,"Rs. 1,800",7
Half Fire Set Dress (Size 160),Product,Clothes/Set Dress,889,"Rs. 1,800",6 PCS
2 Pcs Half laces Set (Size 130),Product,Clothes/Set Dress,884,"Rs. 1,500",2
2 Pcs Half laces Set (Size 120),Product,Clothes/Set Dress,883,"Rs. 1,500",2
2 Pcs Half laces Set (Size 110),Product,Clothes/Set Dress,882,"Rs. 1,500",3
2 Pcs Half laces Set (Size 100),Product,Clothes/Set Dress,881,"Rs. 1,500",2 PCS
2 Pcs Half laces Set (Size 90),Product,Clothes/Set Dress,880,"Rs. 1,500",3
Half Set Dress (23-Fearless) (140),Product,Clothes/Set Dress,879,"Rs. 1,350",6 PCS
Half Set Dress (23-Fearless) (130),Product,Clothes/Set Dress,878,"Rs. 1,350",6
Half Set Dress (23-Fearless) (120),Product,Clothes/Set Dress,877,"Rs. 1,350",4 PCS
Half Set Dress (23-Fearless) (110),Product,Clothes/Set Dress,876,"Rs. 1,350",6 PCS
Half Adidas Set Dress (Size 150),Product,Clothes/Set Dress,875,"Rs. 1,400",6 PCS
Half Adidas Set Dress (Size 140),Product,Clothes/Set Dress,874,"Rs. 1,400",4 PCS
Half Adidas Set Dress (Size 130),Product,Clothes/Set Dress,873,"Rs. 1,400",5 PCS
Half Adidas Set Dress (Size 110),Product,Clothes/Set Dress,871,"Rs. 1,400",1 PCS
Polo Half Set (Size 5XL),Product,Clothes/Set Dress,870,"Rs. 1,850",2 PCS
Polo Half Set (Size 4XL),Product,Clothes/Set Dress,869,"Rs. 1,850",2 PCS
Polo Half Set (Size 3XL),Product,Clothes/Set Dress,868,"Rs. 1,850",3 PCS
Polo Half Set (Size 2XL),Product,Clothes/Set Dress,867,"Rs. 1,859",6 PCS
Polo Half Set (Size XL),Product,Clothes/Set Dress,866,"Rs. 1,850",8 PCS
2 Pcs Set Dress (HANDANNIAO) (Size 180),Product,Clothes/Set Dress,865,"Rs. 1,850",5 PCS
2 Pcs Set Dress (HANDANNIAO) (Size 170),Product,Clothes/Set Dress,864,"Rs. 1,850",6
2 Pcs Set Dress (HANDANNIAO) (Size 160),Product,Clothes/Set Dress,863,"Rs. 1,850",4 PCS
2 Pcs Set Dress (HANDANNIAO) (Size 150),Product,Clothes/Set Dress,862,"Rs. 1,850",8
2 Pcs Set Dress (HANDANNIAO) (Size 140),Product,Clothes/Set Dress,861,"Rs. 1,850",7 PCS
2 Pcs Set (Fashion Happiness) (Size XL),Product,Clothes/Set Dress,860,"Rs. 1,200",25 PCS
2 Pcs Set (Fashion Happiness) (Size L),Product,Clothes/Set Dress,859,"Rs. 1,200",18 PCS
2 Pcs Set (Fashion Happiness) (Size M),Product,Clothes/Set Dress,858,"Rs. 1,200",31 PCS
2 Pcs Set (Fashion Happiness) (Size S),Product,Clothes/Set Dress,857,"Rs. 1,200",36 PCS
"3 Pcs Set (Laces Pant , Cami , Shirt) (Size 130)",Product,Clothes/Set Dress,702856,"Rs. 2,000",6 PCS
"3 Pcs Set (Laces Pant , Cami , Shirt) (Size 120)",Product,Clothes/Set Dress,702855,Rs. 0,4 PCS
"3 Pcs Set (Laces Pant , Cami , Shirt) (Size 110)",Product,Clothes/Set Dress,702854,"Rs. 2,000",8 PCS
"3 Pcs Set (Laces Pant , Cami , Shirt) (Size 100)",Product,Clothes/Set Dress,702853,"Rs. 2,000",4 PCS
"3 Pcs Set (Laces Pant , Cami , Shirt) (Size 90)",Product,Clothes/Set Dress,702852,"Rs. 2,000",5
Mickey Set Dress (YIMIDUO) (Size 13),Product,Clothes/Set Dress,1001851,"Rs. 1,800",4 PCS
Mickey Set Dress (YIMIDUO) (Size 11),Product,Clothes/Set Dress,1001850,"Rs. 1,800",6 PCS
Mickey Set Dress (YIMIDUO) (Size 9),Product,Clothes/Set Dress,1001849,"Rs. 1,800",6 PCS
Mickey Set Dress (YIMIDUO) (Size 7),Product,General,1001848,"Rs. 1,800",7 PCS
Mickey Set Dress (YIMIDUO) (Size 5),Product,Clothes/Set Dress,1001847,"Rs. 1,800",8 PCS
Chicken Kari Set Dress (150),Product,Clothes/Set Dress,903846,"Rs. 2,100",6 PCS
Chicken Kari Set Dress (140),Product,Clothes/Set Dress,903845,"Rs. 2,100",5 PCS
Chicken Kari Set Dress (130),Product,Clothes/Set Dress,903844,"Rs. 2,100",5 PCS
Chicken Kari Set Dress (120),Product,Clothes/Set Dress,903843,"Rs. 2,100",2 PCS
Chicken Kari Set Dress (110),Product,Clothes/Set Dress,903842,"Rs. 2,100",6 PCS
Half Set Dress (Fearless) (160),Product,Clothes/Set Dress,703841,"Rs. 1,450",6 PCS
Half Set Dress (Fearless) (150),Product,Clothes/Set Dress,703840,"Rs. 1,450",5 PCS
Half Set Dress (Fearless) (140),Product,Clothes/Set Dress,703839,"Rs. 1,450",6 PCS
Half Set Dress (Fearless) (130),Product,Clothes/Set Dress,703838,"Rs. 1,450",6 PCS
Set Dess (DattaCarmenl) (Size 180),Product,Clothes/Set Dress,804836,"Rs. 1,900",3 PCS
Set Dess (DattaCarmenl) (Size 170),Product,Clothes/Set Dress,804835,"Rs. 1,900",3 PCS
Set Dess (DattaCarmenl) (Size 160),Product,Clothes/Set Dress,804834,"Rs. 1,900",5 PCS
Set Dess (DattaCarmenl) (Size 150),Product,Clothes/Set Dress,804833,"Rs. 1,900",5
Set Dess (DattaCarmenl) (Size 140),Product,Clothes/Set Dress,804832,"Rs. 1,900",4 PCS
Polo Half Set (Size 140),Product,Clothes/Set Dress,803831,"Rs. 1,250",7 PCS
Polo Half Set (Size 130),Product,Clothes/Set Dress,803830,"Rs. 1,250",7 PCS
Polo Half Set (Size 120),Product,Clothes/Set Dress,803829,"Rs. 1,250",7 PCS
Polo Half Set (Size 110),Product,Clothes/Set Dress,803828,"Rs. 1,250",6 PCS
X.C BAO Jeans Set (Size 13),Product,Clothes/Set Dress,603827,"Rs. 1,800",7 PCS
X.C BAO Jeans Set (Size 11),Product,Clothes/Set Dress,603826,"Rs. 1,800",6 PCS
X.C BAO Jeans Set (Size 9),Product,Clothes/Set Dress,603825,"Rs. 1,800",7 PCS
X.C BAO Jeans Set (Size 7),Product,Clothes/Set Dress,603824,"Rs. 1,800",8 PCS
X.C BAO Jeans Set (Size 5),Product,Clothes/Set Dress,603823,"Rs. 1,800",7 PCS
Black Apron,Product,General,822,Rs. 150,5
Button 2 Pcs Leggings,Product,General,820,Rs. 850,3
Onesie (Dungaree),Product,Clothes,819,Rs. 400,4
Pink Half Romper (Onesie),Product,General,817,Rs. 350,17 PCS
sHORTSSS,Product,General,--,Rs. 0,19
Romper (TOOWAN),Product,General,803817,Rs. 900,23 PCS
Romper (KIDYER),Product,General,803816,Rs. 900,12
Cotton Printed Swaddle,Product,General,815,"Rs. 2,000",19 PCS
U Ball Gaint Romper,Product,General,803814,Rs. 900,12 PAC
Mosquito Repellent Romper,Product,General,803813,Rs. 900,11 PCS
Set Dress (XUNING) Size 13,Product,Clothes/Set Dress,904812,Rs. 850,58 PCS
Set Dress (XUNING) Size 11,Product,Clothes/Set Dress,904811,Rs. 850,59 PCS
Set Dress (XUNING) Size 9,Product,Clothes/Set Dress,904810,Rs. 850,56 PAC
Set Dress (XUNING) Size 7,Product,Clothes/Set Dress,904809,Rs. 850,59 PCS
Set Dress (XUNING) Size 5,Product,Clothes/Set Dress,904807,Rs. 850,61 PCS
Walker Jeep ( speeds ),Product,Toys And Dolls,806,"Rs. 5,200",4 PCS
RUMPER (GUOGUOYINUO),Product,Clothes/Romper,803805,"Rs. 1,100",4 PCS
Girl Set (CARE AND DARE ),Product,Clothes/Set Dress,302804,"Rs. 1,100",19 PCS
Sando ( Be Good ) SIZE M,Product,Clothes,204801,Rs. 350,18 PCS
PJ SET ( Yellow Set ),Product,Clothes/Set Dress,902800,"Rs. 1,000",6 PCS
"PJ set ( spider , mickey) SIZE 16",Product,Clothes/Set Dress,902799,Rs. 950,5
"PJ set ( spider , mickey) SIZE 14",Product,Clothes/Romper,902798,Rs. 950,4 PCS
"PJ set ( spider , mickey) SIZE 8",Product,Clothes/Set Dress,902795,Rs. 950,1 PCS
Unisex Mitten,Product,General,2902794,Rs. 150,21 PRS
Wrapper (Kolaco),Product,General,3002792,Rs. 950,18 PAC
Nappy (Pure Cotton) 10 pads,Product,Nursing And Feeding,3001791,Rs. 950,23 PAC
Bottle Gift Set (AIDOQI),Product,Nursing And Feeding,1405790,"Rs. 3,000",10 PCS
Baby Bottle Set (MINI TUTU),Product,Nursing And Feeding,1404789,"Rs. 3,000",10 PCS
Grip Socks( Dashi Dai),Product,Clothes/Shoes And Socks,102785,Rs. 350,36 PAC
Socks(Happy Duck),Product,Clothes/Shoes And Socks,102784,Rs. 250,102 PCS
leggings (LIANG CLASSIC FASHION),Product,Clothes,2047823,Rs. 500,155 PCS
Duck Socks (Dashi dai),Product,Clothes/Shoes And Socks,102782,"Rs. 1,200",7.33 PAC
Sudocream (400g),Product,Care And Beauty/Hygiene,1403781,"Rs. 5,800",1 PCS
YIYING( BOW JACKET),Product,Clothes,1001780,Rs. 950,2 PCS
Cotton set dress (Fashion Classic) Size XXL,Product,Clothes/Set Dress,501779,Rs. 700,5 PCS
Cotton set dress (Fashion Classic) Size XL,Product,Clothes/Set Dress,501778,Rs. 700,9
Cotton set dress (Fashion Classic) Size L,Product,Clothes/Set Dress,501777,Rs. 700,7
Baby Half Set,Product,Clothes/Set Dress,501775,Rs. 400,14 PCS
ColorFull Peral Neckleces,Product,All Product,773,"Rs. 2,000",15
White Peral Necklece,Product,All Product,772,"Rs. 2,000",13 PCS
TE JI Underwear,Product,General,1800771,Rs. 800,14 PAC
Disney Bottle,Product,Nursing And Feeding,1304770,"Rs. 2,000",17
R Boy TShirt,Product,Clothes,904769,Rs. 650,68
TShirt (kai ni) SIze L,Product,Clothes,903768,Rs. 650,3 PCS
TShirt (kai ni) SIze M,Product,Clothes,903765,Rs. 650,6 PCS
TShirt (kai ni) SIze S,Product,Clothes,903767,Rs. 650,10 PCS
Minitutu Wide Neck Nano Feeding Bottle,Product,Nursing And Feeding,1403760,"Rs. 1,250",4 PCS
Double Sided Drawikng Board,Product,Toys And Dolls,2404540,"Rs. 2,800",1
Printed 2 Pcs Set (YOUKUXIAOTONGNAN),Product,General,701759,Rs. 700,95
Denim Vintage Set,Product,General,758,"Rs. 2,600",2
black laces Pant,Product,Clothes,757,"Rs. 1,500",4
Leaning Desk Kit,Product,Toys And Dolls,2404387,"Rs. 1,500",2 PCS
2 Pcs Set (Mu Ni),Product,Clothes,1005756,"Rs. 2,000",19
Melodica Piano,Product,Toys And Dolls,2604754,"Rs. 1,200",3
Baby Girl HighNeck Tshirt,Product,Clothes,1000753,"Rs. 1,200",3 PCS
Lili Kids TShirt,Product,Clothes,1000752,"Rs. 1,200",18 PCS
Hoodie Tshirt,Product,Clothes,1000751,"Rs. 1,200",2 PCS
One Piece (kitten),Product,Clothes,1201750,"Rs. 2,000",4 PCS
HGG Set,Product,Clothes/Set Dress,749,"Rs. 2,500",7 PCS
Letter Word learning Book,Product,Toys And Dolls,2503746,"Rs. 1,600",2 PCS
Baby Girl Jeans 3 Pcs Set,Product,Clothes/Set Dress,203749,"Rs. 2,000",6
kuromi Socks,Product,Clothes/Shoes And Socks,1806740,Rs. 750,24 PCS
Magnetic Drawing Board,Product,Toys And Dolls,2601412,"Rs. 1,350",3 PCS
Number Magpad,Product,Toys And Dolls,2602409,"Rs. 1,500",2 PCS
Multifunctional Operation learning Box,Product,Toys And Dolls,2302358,"Rs. 1,000",3 PCS
Doctor Tool Set,Product,Toys And Dolls,2601386,"Rs. 1,500",1 PCS
Docter Set,Product,Toys And Dolls,2601768,Rs. 400,1 PCS
Happy Block,Product,Toys And Dolls,2501395,Rs. 950,2 PCS
Unicorn Coouring Book Set,Product,Toys And Dolls,2402748,Rs. 890,7 PCS
Music Electronic Piano,Product,Toys And Dolls,2404407,Rs. 950,2 PCS
Baby Play Mat,Product,Toys And Dolls,2303767,"Rs. 1,200",1 PCS
Motocycle Track,Product,Toys And Dolls,2303766,"Rs. 2,700",1 PCS
Deluxe Bather,Product,General,2303765,"Rs. 1,800",1 PCS
Cute Bird,Product,Toys And Dolls,2203475,"Rs. 1,200",1
Dinosaur Track Game,Product,Toys And Dolls,2202765,"Rs. 1,500",1 PCS
Follow By Light Spot Wall Climbing Car,Product,Toys And Dolls,2202764,"Rs. 2,730",2 PCS
Motor Tide Flow Car,Product,Toys And Dolls,2203763,"Rs. 1,200",1 PCS
Happy Shaking Bell,Product,Toys And Dolls,2203762,"Rs. 1,500",1 PCS
CocaCola Labubu Doll,Product,Toys And Dolls,2101761,"Rs. 1,100",2 PCS
Happy Bed Bell,Product,Toys And Dolls,2104538,"Rs. 2,000",2 PCS
Musical Baby Walker,Product,Toys And Dolls,2105760,"Rs. 4,950",1 PCS
Baby Multifunctional Walker,Product,Toys And Dolls,2105759,"Rs. 5,400",3 PCS
Baby Fitness Piano Mat,Product,All Product,2105534,"Rs. 2,200",2 PCS
"3 Pcs Set (Shirt, half pant, Sando) Size XXL",Product,Clothes/Set Dress,603755,"Rs. 1,900",2 PCS
"3 Pcs Set (Shirt, half pant, Sando) Size XL",Product,Clothes/Set Dress,603754,"Rs. 1,900",1 PCS
"3 Pcs Set (Shirt, half pant, Sando) Size L",Product,Clothes/Set Dress,603753,"Rs. 1,900",3 PCS
"3 Pcs Set (Shirt, half pant, Sando) Size M",Product,Clothes/Set Dress,603752,"Rs. 1,900",2 PCS
"3 Pcs Set (Shirt, half pant, Sando) Size S",Product,Clothes/Set Dress,603751,"Rs. 1,900",3
Aiwibi Toothpaste And Toothbrush Set,Product,Care And Beauty/Hygiene,401750,Rs. 390,14 PCS
Baby Boy WindCheater,Product,Clothes,1002749,Rs. 950,3 PCS
Pear Muslin Frock 140,Product,Clothes,1205748,"Rs. 1,300",5
Pear Muslin Frock 130,Product,Clothes,1205747,"Rs. 1,300",6 PCS
Pear Muslin Frock 120,Product,Clothes,1205746,"Rs. 1,300",5
Pear Muslin Frock 110,Product,General,1205745,"Rs. 1,300",11 PCS
Pear Muslin Frock 100,Product,Clothes,1205744,"Rs. 1,300",13 PCS
(Hone Baby) Cotton Set SIze 160,Product,Clothes/Set Dress,605743,"Rs. 1,400",1 PCS
(Hone Baby) Cotton Set SIze 150,Product,Clothes/Set Dress,605742,"Rs. 1,400",4 PCS
(Hone Baby) Cotton Set SIze 140,Product,Clothes/Set Dress,605741,"Rs. 1,400",6 PCS
(Hone Baby) Cotton Set SIze 130,Product,Clothes/Set Dress,605740,"Rs. 1,400",4 PCS
(Hone Baby) Cotton Set SIze 120,Product,Clothes/Set Dress,605739,"Rs. 1,400",3
Flower Cotton Frock Size 140,Product,Clothes,1200738,Rs. 850,13 PCS
Flower Cotton Frock Size 130,Product,Clothes/Set Dress,1200737,Rs. 850,7 PCS
Flower Cotton Frock Size 120,Product,Clothes,1200736,Rs. 850,8
Flower Cotton Frock Size 110,Product,General,1200735,Rs. 850,8
Flower Cotton Frock Size 100,Product,Clothes,1200734,Rs. 850,32 PAC
Cotton set dress (Fashion Classic) Size M,Product,Clothes/Set Dress,501776,Rs. 700,12 PCS
3 Pcs Swaddle,Product,General,733,"Rs. 1,500",14 PAC
2 Pcs Set (Panda House) Size L,Product,Clothes/Set Dress,704734,Rs. 650,14
2 Pcs Set (Panda House) Size M,Product,General,704733,Rs. 650,15
2 Pcs Set (Panda House) Size S,Product,Clothes/Set Dress,704732,Rs. 650,31 PCS
Set Dress (Hone Baby),Product,Clothes,1003730,"Rs. 1,600",4
Urine Mat (Best Baby),Product,Clothes,728,Rs. 680,12 PCS
Sando Set (Panda House) Size L,Product,Clothes/Set Dress,701727,Rs. 550,13
Sando Set (Panda House) Size M,Product,Clothes/Set Dress,701726,Rs. 550,18
Sando Set (Panda House) Size S,Product,Clothes/Set Dress,701725,Rs. 550,25 PCS
Romper (Energy),Product,Clothes/Romper,803724,"Rs. 1,100",12 PCS
Trouser Adidas (26-30),Product,Clothes,1103723,Rs. 0,10 PCS
Trouser Alo (22-24),Product,Clothes,1103722,"Rs. 1,300",5 PCS
Plazo (PIOGO FASHION) (21-25),Product,Clothes,1103721,"Rs. 1,300",3 PCS
78 Jogger (90-130),Product,Clothes,1103720,"Rs. 1,200",7 PCS
Cami (Famy) 86,Product,General,201719,Rs. 350,64
Cami (famy) 110,Product,General,102718,Rs. 350,6
Cami (famy) 122,Product,General,201717,Rs. 350,2
Cami (Famy) 134,Product,General,201716,Rs. 350,61
Cami (Famy) 146,Product,General,201715,Rs. 350,11
Cami (Famy) 158,Product,General,201714,Rs. 350,45
Cami (Famy) 170,Product,General,201713,Rs. 350,6
Cami (Famy) 74/80,Product,Clothes,201720,Rs. 350,94 PCS
Textured Ball Series (NewBorn Gift),Product,General,2501301,"Rs. 1,600",1 PAC
Soft Balls,Product,General,8.402,"Rs. 1,000",3 PAC
The Anti-Collision Strip (Door Cover ),Product,General,712,Rs. 0,2 PCS
Shrit (Graphitee),Product,General,711,Rs. 450,14
4 Layer Cabinet,Product,General,709,Rs. 0,9
Full Shirt( distance Denim Kids),Product,General,1001708,"Rs. 1,250",12 PCS
5 Layer Cup Board,Product,General,707,"Rs. 11,500",1
Button Romper (Popees),Product,General,804706,Rs. 550,6 PCS
Set Dress (RedWood),Product,Clothes/Set Dress,1001705,"Rs. 1,150",8 PCS
Jersey Shirt,Product,General,703,Rs. 850,6
Fish Tshirt,Product,General,702,Rs. 350,13
Skirt Set Next,Product,General,1204700,"Rs. 1,150",3
Babyhug Cami,Product,General,203701,Rs. 350,75 PCS
Luggage,Product,General,376,"Rs. 5,200",2
Plain Sando Set,Product,General,0.699,Rs. 650,96
Long Sleeve 3 Pcs Set,Product,General,8.698,"Rs. 1,200",16
Small Perineum Bottle,Product,General,4.697,Rs. 650,11
Cartoon Mix Print Bottle,Product,General,4.696,Rs. 650,1
Mix Printed Bottle,Product,Nursing And Feeding,0.695,Rs. 550,26
Hairband With Panja Set,Product,Clothes/Set Dress,16.694,Rs. 450,23
Bear Love Bottle,Product,General,4.693,Rs. 650,5
Coloring Book (keyboy),Product,Toys And Dolls,3.692,Rs. 350,99
Baby Trolley Rack,Product,General,0.69,"Rs. 6,000",3
Baby Food Feeder Set,Product,Nursing And Feeding,8.295,Rs. 950,5
Disney Princess Spoon,Product,General,289,Rs. 300,4
Hearth Hair Clips,Product,General,1.688,Rs. 0,4 PAC
Dot Hair Clips,Product,General,672,Rs. 672,6 PAC
Kuormi Clips,Product,Care And Beauty,17.653,Rs. 300,79
Baby Fruit Feeder,Product,Nursing And Feeding,1.687,Rs. 350,1
Sketch Book,Product,Toys And Dolls,2502749,Rs. 650,7 PCS
Liquid Silicone Pacifier,Product,General,287,Rs. 200,2 PCS
Maasea Kaftan,Product,General,0.686,"Rs. 2,200",4
Power Baby Electric Lock,Product,General,0.685,Rs. 350,3
Evil Eye,Product,General,0.684,Rs. 370,186
Milk Storage Bottle Set,Product,General,0.683,"Rs. 1,000",2
Electric Breast Pump,Product,General,0.682,"Rs. 1,850",1
Manual Breast Pump,Product,General,0.681,"Rs. 1,000",3
Feeding Gaun,Product,General,0.68,"Rs. 2,000",57 PCS
Disney CamiSole,Product,General,0.679,Rs. 380,37
M.M Gaun,Product,General,0.678,"Rs. 1,800",21
Silicon Bibs,Product,General,2.677,Rs. 350,27 PCS
Transparant Shoes,Product,General,0.676,"Rs. 1,800",4 PCS
Linning Short Set,Product,General,0.675,Rs. 650,84 PCS
Korean Style Set Dress,Product,General,0.831,"Rs. 1,800",9
Ice Surwal,Product,General,674,Rs. 650,69
Ice Sando,Product,General,673,Rs. 400,101
Baby Boy Breif,Product,General,16.672,Rs. 660,63
Bow Xier tai Set Dress,Product,General,0.671,"Rs. 1,500",2
Mickey Friendly TShirt,Product,General,0.67,Rs. 950,3
Mix Half Shorts,Product,General,0.669,Rs. 950,15
Raffel Belly Bow Jogger,Product,General,0.668,"Rs. 1,050",4
Alo Shirt,Product,General,0.667,Rs. 950,6
Full Ice Set (120),Product,General,665,"Rs. 1,000",1 PCS
Muslin Net Set,Product,General,0.664,"Rs. 1,000",4 PCS
Muslin Button Set,Product,General,0.663,Rs. 950,3 PCS
Floral WindCheater,Product,General,0.662,Rs. 950,10
Lining 2 Pcs Set,Product,General,0.661,Rs. 500,45
Fancy Cap,Product,General,0.66,Rs. 450,87
rainbow Legging,Product,General,0.659,Rs. 950,14
Essentials Legging,Product,General,0.658,Rs. 850,22
Stocking Baby Fashion,Product,General,"00,658",Rs. 800,94
Box Boyfriend Jeans,Product,General,0.657,"Rs. 1,550",8
silk Night T,Product,General,0.656,Rs. 650,12
Red Bag,Product,General,0.655,Rs. 550,1
MM One Piece,Product,General,0.654,"Rs. 1,700",14
Maternity Panty,Product,General,0.653,Rs. 500,52
Summer Long One Piece,Product,General,0.652,"Rs. 1,800",
Summer Long One Piece,,,,,
,Product,General,0.651,Rs. 650,35
Ruffle Shorts,Product,General,0.65,Rs. 400,4
Box Care Kit,Product,General,0.649,"Rs. 2,400",5
Muslin One Piece,Product,General,0.449,"Rs. 1,100",1
Girl Premiun Panty,Product,General,0.448,Rs. 300,58
Baby Thai Hat,Product,General,0.647,Rs. 375,62
Lace Short,Product,General,964,Rs. 650,143
Packet Hankey,Product,General,0.646,Rs. 500,35
Bear Cap,Product,General,0.645,Rs. 600,29
Boy And Girl Thai Set,Product,General,0.643,Rs. 650,125
Border 2 Pcs Set,Product,Clothes,0.642,Rs. 850,11
Butterfly Set Dress,Product,General,0.641,"Rs. 1,500",3 PCS
Underwear,Product,General,0.64,Rs. 660,123.5 PAC
Baby Girl Tuna Set,Product,General,0.639,Rs. 650,30
Mix Print PJ (d1-6 Pj Set),Product,General,0.636,Rs. 73,92
Cocoon Buds Wet Wipes,Product,General,4.635,Rs. 200,18
Mix Print PJ (d1-7 Pj Set),Product,General,0.634,Rs. 900,36
Mix Print PJ (d1-5 Pj Set),Product,General,0.633,Rs. 750,45 PCS
ROTO Clipper Electric Nail Trimmer,Product,Care And Beauty/Hygiene,2.632,Rs. 800,3 PCS
Nail Clipper Set Box,Product,General,2.3,Rs. 500,6 PCS
Small Bell Toy,Product,General,0.631,Rs. 750,25
X.Q Baby Care,Product,General,0.63,Rs. 950,1
Bottle 2506,Product,Nursing And Feeding,4.629,Rs. 500,3
Toy With Hankey,Product,General,0.627,Rs. 800,20
Muslin Diaper,Product,General,16.627,Rs. 350,2
X.C BAO Jeans Set,Product,General,604626,"Rs. 2,200",12 PCS
Shorts,Product,General,--,Rs. 250,315 PCS
sando jean set,Product,Clothes,0.624,Rs. 850,1 PCS
Zuvara Wet Wipes,Product,Care And Beauty/Hygiene,3.623,Rs. 300,18 PCS
Basket Gift Set 95,Product,Care And Beauty/Hygiene,3.622,"Rs. 1,550",10
Himalaya Baby Care Travel Kit,Product,Care And Beauty/Hygiene,3.621,"Rs. 1,270",17 PCS
Johmson's Baby Shampoo 100ml,Product,Care And Beauty/Hygiene,3.62,Rs. 178,5 PCS
Himalaya Baby Shampoo 100ml,Product,Care And Beauty/Hygiene,3.619,Rs. 170,5 PCS
Himalaya Baby Shampoo 400ml,Product,Care And Beauty/Hygiene,3.618,Rs. 568,5
Full Sleeve TShirt Little And Sweat,Product,General,605617,Rs. 600,43 PCS
Himalaya Baby Shampoo 200ml,Product,Care And Beauty/Hygiene,3.616,Rs. 240,4 PCS
Baby Shampoo 200ml (CHERAMY),Product,Care And Beauty/Hygiene,3.615,Rs. 300,6 PCS
Maternity Underwear,Product,Clothes,16.613,Rs. 500,27
Aiwibi Massage Oil 200ml,Product,Care And Beauty/Hygiene,4.612,Rs. 890,5
Aiwibi Mosquito Repellent Patches,Product,Care And Beauty/Hygiene,401611,Rs. 300,16 PCS
Talking Cactus,Product,General,13.609,Rs. 750,9
Half Pant And Skirt,Product,General,0.608,Rs. 550,21
Rockey Set (GZNN),Product,General,0.607,"Rs. 1,200",19
Cotton Set Dress (MR),Product,Clothes/Set Dress,0.605,"Rs. 1,000",10 PCS
Skirt Set Dress,Product,General,0.604,"Rs. 1,000",1 PCS
Container,Product,General,311,Rs. 600,5 PCS
Jeans Skirt,Product,General,1205603,Rs. 650,19 PAC
Outer OnePiece,Product,General,19.602,"Rs. 1,000",32 PCS
Half Jeans Set Dress (CLEMENTE),Product,Clothes/Set Dress,5.601,Rs. 850,52 PCS
Mickey Set Dress (YIMIDUO),Product,General,22.6,"Rs. 1,800",5
Polo Half Set (Size 100),Product,Clothes/Set Dress,803599,"Rs. 1,250",7
Baby Potty,Product,General,712,"Rs. 2,200",1 PCS
Cap Topi,Product,Clothes/Topi,16.595,Rs. 500,20
Baby Cotton Rope Topi Big,Product,Clothes/Topi,16.594,Rs. 450,8 PCS
Plain Set Dress,Product,Clothes/Set Dress,0.593,Rs. 800,11
color Pen 2 Pcs Set,Product,General,0.592,Rs. 850,1
Color Pant One Pieces,Product,General,0.591,Rs. 950,8
Zip Up Jacket,Product,General,0.59,"Rs. 1,400",3
Net Outer,Product,General,0.589,Rs. 600,4
1977 Half Shirt,Product,General,0.588,"Rs. 1,200",3
Yoga Pant,Product,General,0.587,Rs. 650,4 PCS
Jeans Jacket,Product,General,0.586,"Rs. 1,900",8
Color Pant Summer TShirt,Product,General,0.585,Rs. 750,55 PCS
Mikobomi Bibs,Product,General,2.584,Rs. 175,53 PCS
KPop TShirt,Product,General,21.583,Rs. 950,8 PCS
White And Pink Swaddle,Product,General,23.657,Rs. 650,15 PCS
Bow Frocks,Product,General,18.582,"Rs. 1,500",5 PCS
Disney Princes Set Dress,Product,Clothes/Set Dress,22.581,Rs. 850,55 PAC
Rockey Set,Product,Clothes/Set Dress,0.582,"Rs. 1,000",3 PCS
Baby Cotton Romper,Product,Clothes,20.58,Rs. 480,12 PCS
Jeans Girl Set,Product,Clothes/Set Dress,0.579,"Rs. 1,450",2 PCS
ALO 2 Pcs Set Dress,Product,General,--,"Rs. 2,400",2
Girl Jeans Outer,Product,General,0.577,"Rs. 2,000",3
8077 Set,Product,General,0.576,"Rs. 2,100",2
Mg Set,Product,General,0.575,"Rs. 2,200",3
frock,Product,General,5.593,Rs. 950,8
Babyhug,Product,General,--,"Rs. 1,000",4
Wheel Feeding Chair,Product,General,15.574,"Rs. 5,800",5 PCS
Dr Gym Multi Function Bottle Warmer,Product,All Product,0.573,"Rs. 3,000",8 PCS
Banana Teether,Product,General,A1.572,Rs. 350,17 PCS
Drawing 2 In 1 Board,Product,General,2404571,"Rs. 3,800",6
Korean Surwal,Product,General,6.57,Rs. 200,162
Animal Print 2 in 1 Pant Size 19-23,Product,General,18.568,Rs. 950,9
Animal Print 2 In 1 Pant size 16-20,Product,General,18.567,Rs. 850,5
Joggers Pant,Product,General,18.566,Rs. 750,9
Colour TShirt,Product,General,18.564,Rs. 450,5
Colour TShirt,,,,,
Ladies Set,Product,Clothes/Set Dress,22.563,Rs. 700,6
Small Size Fancy TShirt,Product,General,18.562,Rs. 500,12
Set (XLD),Product,General,22.561,Rs. 700,19 PCS
Medium TShirt (TG),Product,All Product,18.559,Rs. 550,2
Muslin Daura Size 3,Product,All Product,0.558,Rs. 920,31 PCS
Muslin Daura Size 1,Product,General,0.557,Rs. 820,20 PCS
Muslin Daura Size 2,Product,All Product,0.556,Rs. 870,20 PCS
Aiwibi Diaper XXL,Product,General,--,Rs. 0,2
BB Kitty Sensitive XXXL,Product,General,--,Rs. 0,4
One Piece Hat Set,Product,General,05.525A,Rs. 800,15 PCS
Looper Leap 2 Pcs Set,Product,General,22.552,Rs. 700,13
Fashion Socks,Product,General,16.551,Rs. 500,8 PRS
Baby Knee Protectors And Socks Set,Product,Clothes/Shoes And Socks,591,Rs. 450,34 PCS
Deluxe Tool Set,Product,Toys And Dolls,2400205,"Rs. 3,000",2 PCS
Magnetic Tiles Magnetic Construction Blocks,Product,Toys And Dolls,6.196,"Rs. 5,000",1 PCS
Kids Construction Truck PlaySet,Product,General,5.304,"Rs. 1,600",3 PCS
Baby Bandana Bibs,Product,General,0.546,Rs. 125,46 PCS
Half TShirt Set Of 2,Product,Clothes,0.545,Rs. 460,97 PAC
Portable Electric Breast Pump,Product,All Product,0.544,"Rs. 3,000",4 PCS
White Muslin Blanket,Product,General,27.522,Rs. 950,23 PCS
Zuvara Period Panties L-XL,Product,General,3.691,Rs. 150,38 PCS
Malmal Frock Size 9,Product,General,26.521,"Rs. 2,800",3 PCS
Malmal Frock Size 7,Product,Clothes,26.52,"Rs. 2,600",7 PCS
Malmal Frock Size 5,Product,Clothes,26.519,"Rs. 2,400",9 PCS
Malmal Frock Size 4,Product,General,26.518,"Rs. 2,200",4 PCS
Malmal Frock Size 3,Product,Clothes,26.517,"Rs. 1,200",30 PCS
Malmal Frock Size 2,Product,Clothes,26.516,"Rs. 1,100",10 PCS
Malmal Frock Size 1,Product,Clothes,26.515,"Rs. 1,000",20 PCS
Sinsay Set Dress,Product,Clothes/Set Dress,0.499,Rs. 600,8
Alphamed Infrared Thermeter,Product,All Product,708,"Rs. 4,500",1 PCS
Fashion Wear Jeans,Product,General,0.498,Rs. 700,11 PCS
Fancy TShirt,Product,Clothes,6.497,Rs. 650,1 PCS
Eva Puzzle Mats,Product,General,13.413,"Rs. 1,200",14 PCS
Big Bag,Product,Clothes,0.496,Rs. 450,1
Small Bag,Product,General,0.495,Rs. 350,18 PCS
Ice Sando Size 160,Product,General,16.494,Rs. 350,4 PCS
Ice Sando Size 120,Product,General,16.492,Rs. 350,2
Ice Sando Size 110,Product,General,16.491,Rs. 350,1 PCS
Ice Sando Size 80,Product,General,16.488,Rs. 0,7 PCS
Ice Sando Size 66,Product,Clothes,16.485,Rs. 350,4 PCS
Neno Hat,Product,Clothes/Topi,16.484,Rs. 450,6 PCS
Unicorn Hat,Product,Clothes/Topi,16.483,Rs. 550,1 PCS
Duck Printed Cap,Product,Clothes/Topi,16.482,Rs. 450,2 PCS
Bow Hat,Product,Clothes/Topi,16.481,Rs. 350,13 PCS
SpiderMan Cap,Product,Clothes/Topi,16.48,Rs. 450,1 PCS
Light Cap,Product,Clothes/Topi,16.479,Rs. 450,4 PCS
cutete hat,Product,General,16.477,Rs. 350,8 PCS
Lion Rockey Set,Product,General,5.477,"Rs. 1,500",3 PCS
Cotton Zama,Product,Clothes,19.476,Rs. 670,2 PCS
Half Ice Set,Product,General,802475,Rs. 950,4 PCS
Muslin 5 Pcs Set,Product,Clothes,0.474,Rs. 700,20 PCS
Baby Silicone Single Spoon,Product,Nursing And Feeding,1.473,Rs. 120,35 PCS
Feeding Pillow,Product,Clothes,472,"Rs. 1,600",17 PCS
NB Hair Clip,Product,Care And Beauty,1.471,Rs. 200,11 PCS
Cotton Surwal,Product,General,0.47,Rs. 350,44 PCS
Cotton Cami Large,Product,General,--,Rs. 350,37
Cotton Cami Size XL,Product,General,--,Rs. 350,9
Printed Hat,Product,Clothes/Topi,0.467,Rs. 550,8 PCS
Hat WIth Rubber,Product,Clothes/Topi,0.466,Rs. 500,10 PCS
Thai Socks,Product,Clothes/Shoes And Socks,0.465,Rs. 200,127 PCS
Cotton Lining Topi,Product,Clothes/Topi,16.464,Rs. 350,28 PCS
Baby Cotton Rope Topi Small,Product,General,16.463,Rs. 450,13 PCS
Jeans Set (Girls),Product,Clothes,0.46,"Rs. 2,350",2 PAC
54943 Frock,Product,Clothes,0.459,"Rs. 2,100",2 PCS
Floral Set,Product,Clothes,0.458,"Rs. 1,050",1
Mitten Set Of Topi And Socks,Product,Clothes,24.709,"Rs. 1,200",15 PAC
Baby Socks Packet Of 3,Product,General,0.457,Rs. 290,42 PAC
Maternity Belt,Product,All Product,0.456,"Rs. 1,000",15 PCS
Baby Soft 2 Pcs Rattle,Product,Toys And Dolls,2.455,Rs. 550,15 PCS
White Bunny,Product,Toys And Dolls,13.454,Rs. 550,14 PCS
Rabbit Soft Doll,Product,Toys And Dolls,0.453,Rs. 900,1 PCS
Cool Cute Bus Bottle,Product,Nursing And Feeding,4.452,Rs. 850,10 PCS
Chinise Panty DIsposable,Product,Care And Beauty/Hygiene,0.451,Rs. 450,54 PCS
Disinfector For Baby Feeding Bottle,Product,Nursing And Feeding,14.45,"Rs. 4,000",12 PCS
Rattle Feeding Chair,Product,Nursing And Feeding,13.449,"Rs. 5,000",3 PCS
Kodomo Liquid,Product,Care And Beauty/Hygiene,4.448,"Rs. 1,000",6 PCS
Guitar,Product,Toys And Dolls,10.448,"Rs. 1,200",2
3 Pcs Headband Set,Product,Care And Beauty,1.447,Rs. 450,1
Small Tent,Product,Toys And Dolls,13.447,"Rs. 2,200",2
Silicion Spinner,Product,Toys And Dolls,1012,Rs. 950,18 PCS
SuperHero Set Dress,Product,Clothes/Set Dress,0.445,Rs. 850,8 PCS
Dr Gym Feeding Bottles 240ml,Product,Nursing And Feeding,3.429,Rs. 700,20 PCS
Dr Gym Feeding Bottles 120ml,Product,Nursing And Feeding,3.428,Rs. 500,16
Combo,Product,Clothes,690,"Rs. 3,650",17
Half Shirt (Mix Colour),Product,Clothes,202442,Rs. 450,26 PCS
Unicorn Bottle,Product,Nursing And Feeding,7859,Rs. 500,4
Mickey Romper,Product,Clothes/Romper,0.441,Rs. 600,18
White Full Button Romper,Product,Clothes/Romper,0.44,Rs. 600,6
Button Surwal,Product,Clothes,0.439,Rs. 500,7
Dungaree,Product,Clothes/Romper,0.437,Rs. 600,40
Bunny Romper,Product,Clothes/Romper,0.436,Rs. 600,3
Blue And Red Tutu Frock,Product,Clothes,0.434,Rs. 650,3
Muslin Daura M,Product,Clothes,8.429,Rs. 820,19
Muslin Daura L,Product,General,0.428,Rs. 870,5 PCS
Thai Set,Product,General,0.431,Rs. 550,55
PhotoShoot Dress,Product,Clothes,84,Rs. 0,11
Mix Bottle,Product,Nursing And Feeding,519,Rs. 440,29
Diaper Panty printed,Product,All Product,1018,Rs. 375,2
Frock Zama,Product,All Product,0.424,"Rs. 3,500",6
Wind Cheatter,Product,Clothes,0.412,Rs. 700,38
Diseny Purple Set,Product,All Product,0.419,Rs. 750,22
Mickey And Dog Set Dress,Product,All Product,0.417,Rs. 750,9
Short Tshirt Set Dress,Product,All Product,6.416,Rs. 800,59
shirt,Product,All Product,--,Rs. 0,171
Wireless Speaker With MIcrophone,Product,General,0.41,"Rs. 1,250",10
Lining Romper,Product,Clothes,0.409,Rs. 650,11
Gaun Set Cotten,Product,All Product,0.408,"Rs. 1,850",37
Muslin Blanket,Product,All Product,0.407,Rs. 750,30 PCS
Cotton Topi,Product,Clothes/Topi,0.406,Rs. 300,54
Mom And Baby Set,Product,All Product,0.405,"Rs. 2,150",14
Cartoon Bath towel,Product,All Product,0.404,Rs. 750,24
Diaper Bag,Product,All Product,0.403,"Rs. 1,750",12
Turban Hairband,Product,All Product,0.402,Rs. 150,85
Rope hair Baby Topi,Product,Clothes,0.401,Rs. 350,17
Hair baby Topi,Product,Clothes,0.4,Rs. 400,73
Turban,Product,Clothes,0.399,Rs. 350,73
Long Socks,Product,All Product,0.398,Rs. 350,31
Labubu Side Bag,Product,All Product,0.397,Rs. 900,11
Labubu Bag,Product,All Product,0.396,Rs. 950,4
color Pencil Set,Product,Toys And Dolls,2702395,Rs. 400,17
Happy Day pencel with eraser,Product,Toys And Dolls,0.394,Rs. 150,15
Long Fancy Ereaser,Product,Toys And Dolls,0.393,Rs. 120,2
Gaming pencil,Product,Toys And Dolls,0.392,Rs. 170,25
Crayons Plastic Soft Writing,Product,Toys And Dolls,2702391,Rs. 450,8
Small Note Book,Product,Toys And Dolls,0.39,Rs. 350,38
Fancy Sharpner,Product,Toys And Dolls,2502389,Rs. 650,10 PCS
Bear eraser,Product,Toys And Dolls,0.388,Rs. 100,20
Cute small kitten Eraser,Product,Toys And Dolls,0.387,Rs. 100,62
Rabbit Cap Pencil,Product,Toys And Dolls,0.386,Rs. 450,13
Flower Fairy 10 pcs Pencal Set,Product,Toys And Dolls,00.385|6956646887212,Rs. 400,20
Eraser,Product,Toys And Dolls,0.384,Rs. 350,29
Dairy,Product,Toys And Dolls,0.383,Rs. 650,15
College T shirt,Product,Clothes,382,Rs. 500,1
Mix design cami,Product,Clothes,0.381,Rs. 300,36
Flashing BAll,Product,Toys And Dolls,00.380|11.380,Rs. 350,5
Half Fruit design Romper,Product,Clothes/Romper,00.379|20.379,Rs. 750,6
Nuby 4 Stage Bottle,Product,Nursing And Feeding,4.377,"Rs. 1,400",43
trouser,Product,Clothes,0.376,Rs. 650,31
Malmal Full frock,Product,Clothes,0.375,Rs. 950,40
Kuromi Legging,Product,Clothes,0.374,"Rs. 1,000",65
Gold Lucket,Product,All Product,0.372,"Rs. 1,250",2
Shower Bibs,Product,Clothes,0.37,Rs. 250,24
Pig 2 Pcs set,Product,Clothes/Romper,0.369,Rs. 700,13
Saree,Product,Flair Nepal,0.368,"Rs. 2,400",12
Red Sarre,Product,Flair Nepal,0.367,Rs. 950,22
Cushion Net,Product,Clothes,0.365,"Rs. 1,700",12
Bow And Button Romper,Product,Clothes/Romper,0.364,Rs. 750,18
Vaishali Color Album,Product,Care And Beauty,0.363,Rs. 700,1
Kaftan,Product,Flair Nepal,0.361,Rs. 750,2
Printed Topi,Product,Clothes/Topi,9.36,Rs. 170,144
Calaido Scop,Product,Toys And Dolls,0.359,Rs. 200,18
Stress Relifer Giraffe,Product,Toys And Dolls,0.358,Rs. 150,7
Finger Chu-CHu,Product,Toys And Dolls,2302357,Rs. 650,4 PAC
Dinosour Patta,Product,Toys And Dolls,2302356,Rs. 700,5
Dora,Product,Toys And Dolls,2301355,Rs. 950,2
Memory Pillow,Product,Clothes,0.354,"Rs. 1,000",73
Ring Tower,Product,Toys And Dolls,2702353,Rs. 350,4
Clay,Product,Toys And Dolls,2702352,Rs. 150,8
Ligh down Series Jacket,Product,Clothes,0.351,"Rs. 1,700",5
Pigge Bag,Product,Toys And Dolls,0.35,"Rs. 2,900",10
Pigge Box,Product,Toys And Dolls,0.349,"Rs. 1,000",18
Flash Card,Product,Toys And Dolls,12.348,Rs. 850,21
Counting Number,Product,Toys And Dolls,2403347,Rs. 750,22
Rubber HairBand,Product,Care And Beauty,0.346,Rs. 200,5
Pears HairBand,Product,Care And Beauty,0.345,Rs. 250,4
Flower HairBands,Product,Care And Beauty,0.344,Rs. 250,2
Cocoon Buds XLL 36 Pcs,Product,Care And Beauty/Hygiene,3.343,"Rs. 1,100",2
Lailai Hair Clips,Product,Care And Beauty,1.342,Rs. 250,30
One piece Summer Frock,Product,Clothes,0.339,"Rs. 1,050",2
Round Neck Pj Set,Product,Clothes,0.338,"Rs. 1,300",9
cami,Product,Clothes,0.3317,Rs. 175,90
yellow Cotten PJ,Product,Clothes,0.336,"Rs. 1,100",5
cotten Blanket,Product,Clothes,0.334,"Rs. 1,300",4
Magic Water Canvas,Product,Toys And Dolls,2403333,"Rs. 1,250",4
Pets Diy Car,Product,Toys And Dolls,2302332,"Rs. 1,700",2 PCS
Knock The Ball,Product,Toys And Dolls,0.331,Rs. 700,1
Busy Board with Busy Book,Product,Toys And Dolls,9.417,"Rs. 1,700",9
Shine Hoodie,Product,Clothes,0.327,Rs. 850,1
Green Black Pj Set,Product,Clothes,326,Rs. 920,1
Button Mickey Set,Product,Clothes/Set Dress,0.325,"Rs. 2,100",6
Outer Jeans Jacket,Product,Clothes,0.323,"Rs. 1,250",13
Green Jacket,Product,Clothes/Set Dress,0.322,"Rs. 1,950",1
Alo Set Dress,Product,Clothes/Set Dress,0.321,"Rs. 2,100",15
jeans Fur Jacket,Product,Clothes,0.32,"Rs. 1,500",9
Fur Bhoto ExtraLarge(XL),Product,Clothes,9.319,Rs. 350,14
Fur Bhoto Medium(M),Product,Clothes,9.317,Rs. 300,7
Green Polar Set Dress,Product,Clothes/Set Dress,5.314,"Rs. 1,650",29
Baby Grip Sock Set Packet Of 3,Product,Clothes/Shoes And Socks,9.313,Rs. 350,105 PAC
Boy 2 Pcs Set,Product,Clothes/Set Dress,0.312,"Rs. 1,000",44
Yellow Pj Set,Product,Clothes,0.31,"Rs. 1,300",12
Baby Down Jacket,Product,Clothes,0.309,"Rs. 1,700",4
Baby School Bag,Product,Clothes,0.308,Rs. 800,47
Polar 2 pcs Set,Product,Flair Nepal,5.306,"Rs. 1,250",1
Kuromi Geometry Box,Product,Toys And Dolls,11.305,Rs. 900,4
Anti-Cracking Lip Blam,Product,Care And Beauty,0.304,Rs. 200,7
Fancy Cube,Product,Toys And Dolls,303,"Rs. 1,500",16
Baby Vision Trigger Card,Product,Toys And Dolls,2502302,Rs. 450,18 PCS
Muslin Urine Mat 180*200,Product,Clothes,301,"Rs. 2,800",10
Muslin Urine Mat 150*200,Product,Clothes,0.3,"Rs. 2,500",28
Little Librarian 10 Set Books,Product,Toys And Dolls,0.299,Rs. 870,1
Little Scholars's 12 Books Set,Product,Toys And Dolls,298,Rs. 950,16
Feeding Chair,Product,Nursing And Feeding,0.297,"Rs. 3,000",2 PCS
PreSchool Puzzle Toy,Product,Toys And Dolls,2403296,"Rs. 1,750",8
Baby Shape,Product,Toys And Dolls,11.295,Rs. 650,24
Funny Cell Phone,Product,Toys And Dolls,11.293,Rs. 950,5
Happy Baby Pull String Toy,Product,Toys And Dolls,11.292,Rs. 650,15
Cloth PullBack Car,Product,Toys And Dolls,2202291,"Rs. 2,050",3
Family Game Stacking Game - Funny Animal friends,Product,Toys And Dolls,2601204,"Rs. 2,700",2
3 Pcs Baby Spinner,Product,Toys And Dolls,0.288,Rs. 650,5 PAC
Blue One Piece Frock,Product,Clothes,0.287,"Rs. 3,500",1
Hayaati Perfume,Product,Care And Beauty,0.286,Rs. 950,4
Dianosur,Product,Toys And Dolls,12.641,Rs. 300,2
Comfort Legging,Product,Clothes,0.283,Rs. 750,2
Cotrise Surwal,Product,Clothes,0.282,Rs. 750,4
Button Romper,Product,Clothes/Romper,0.281,Rs. 490,3
2 in 1 Bibs,Product,Clothes,0.28,Rs. 650,30
Cotten Thermal Set Dress,Product,Clothes/Set Dress,9.279,Rs. 820,2
Box Jogger,Product,Clothes,0.278,"Rs. 1,100",9
Plain Woolen High Neck,Product,Clothes,0.277,Rs. 900,8
Zip SweatShirt,Product,Clothes,0.275,Rs. 950,2
Woolen 3 Pcs Set,Product,Clothes/Set Dress,0.274,"Rs. 1,400",2
woolen Desgin T Neck,Product,Clothes,0.273,Rs. 600,3
muslin Towel,Product,Clothes,0.272,Rs. 250,59
Cotten Towel,Product,Clothes,0.271,Rs. 350,36
Printed 2 Pcs Set,Product,Clothes/Set Dress,0.27,Rs. 750,7
Big Woolen Teddy Set Dress,Product,Flair Nepal,0.268,"Rs. 2,200",4
Light Car,Product,Toys And Dolls,11.267,Rs. 650,79
space explore and Constructor,Product,Toys And Dolls,11.266,Rs. 400,110
woolen teddy set,Product,Clothes/Set Dress,6.265,Rs. 720,7
Himalaya Baby Wet Wipes,Product,Care And Beauty,3.264,Rs. 95,14
Space Bubble,Product,Toys And Dolls,0.263,"Rs. 1,050",20
Summer Baby Romper,Product,Clothes/Romper,0.261,Rs. 700,37
Bus Money Bank,Product,Toys And Dolls,0.26,"Rs. 1,050",8
Baby Kitchen Set,Product,All Product,0.259,"Rs. 1,600",3
Baby Feeding Set,Product,Care And Beauty,153|15.153,"Rs. 3,200",2
Aiwibi Baby Set,Product,Care And Beauty,0.254,"Rs. 3,500",1
Hair Clips,Product,Care And Beauty,0.253,Rs. 200,3
Rose Lips Balm,Product,Care And Beauty,0.252,Rs. 200,12
Strawberry Lips BALM,Product,Care And Beauty,0.251,Rs. 100,20
Baby Fingerprint,Product,Toys And Dolls,0.249,Rs. 850,5
HighLighter,Product,Toys And Dolls,744,Rs. 450,10
Glitter Note Book,Product,Toys And Dolls,2502393,Rs. 450,4
Correction Tape,Product,Toys And Dolls,747,Rs. 400,18
Silicon Senseable Doll,Product,Toys And Dolls,2202244,"Rs. 4,600",2
Gown,Product,Clothes,0.243,"Rs. 1,000",2
Mickey Mouse Set Dress,Product,Clothes,0.242,"Rs. 1,550",16
Gaun,Product,Clothes,0.241,"Rs. 1,600",17
Polar High Neck,Product,Clothes,0.24,Rs. 650,9
Ra Wa Dianosaur Topi,Product,Clothes/Topi,16.239,Rs. 450,3
Bottle Cleaner B,Product,Care And Beauty/Hygiene,0.238,Rs. 250,38
Thermal design Set Dress,Product,Clothes/Set Dress,0.237,Rs. 700,2
Light Gogo mogo Topi,Product,Clothes/Topi,16.235,Rs. 400,13
Gogo Mogo Big Eye Topi,Product,Clothes/Topi,16.234,Rs. 350,7
Baby Nappy,Product,Clothes,619,Rs. 850,14
Care Kit,Product,Care And Beauty,573,Rs. 850,11
XSW Box Pant,Product,Clothes,596|16.596,"Rs. 1,500",1
Box Pant,Product,Clothes,18.778,Rs. 900,7
Deer Pant,Product,Clothes,595|18.595,"Rs. 1,500",12
Carrying Bag,Product,Clothes,0.227,"Rs. 2,700",6
Sunglasses With Clips,Product,Care And Beauty,1.226,Rs. 420,20
Aiwibi Baby Foaming Cleanser 480ml,Product,Care And Beauty/Hygiene,4.225,Rs. 650,5
Aiwibi NB Baby Feeding Bottle 120ML,Product,Nursing And Feeding,4.224,Rs. 890,3
Aiwibi Baby Facial Cream,Product,Care And Beauty,4.223,Rs. 650,6
Coca Sattu,Product,Food,25.221,Rs. 465,3 PCS
Cocoon Buds S 44 Pcs,Product,Care And Beauty/Hygiene,3.219,"Rs. 1,080",5
3 pcs Bow Set,Product,Clothes,0.218,"Rs. 2,500",5
3 Pcs Set Button Coat Set,Product,Clothes,0.217,"Rs. 2,400",3
Kitten Jacket,Product,Clothes,0.216,"Rs. 3,000",1
Glitter 2 Pcs frock,Product,Clothes,19.215,"Rs. 2,500",4
Bow 2 Pcs Frock,Product,Clothes,19.214,"Rs. 3,000",1
Cocoon Buds XL 36 Pcs,Product,Care And Beauty/Hygiene,3.212,"Rs. 1,100",6
Cocoon Buds NB 22 Pcs,Product,Care And Beauty/Hygiene,3.211,Rs. 545,27
Cocoon Buds M 42 Pcs,Product,Care And Beauty/Hygiene,3.21,"Rs. 1,080",3
Cocoon Buds L 40 Pcs,Product,Care And Beauty/Hygiene,3.209,"Rs. 1,080",4
Healthy Tiffin Box,Product,Nursing And Feeding,4.207,Rs. 850,2
Letter Board,Product,Toys And Dolls,14.206,"Rs. 1,200",39
Burger Tiffen Box,Product,Nursing And Feeding,04.205|01.205,"Rs. 1,050",1
Portable Baby Bottle,Product,Nursing And Feeding,04.204|01.204,"Rs. 1,200",16
Soup Cup,Product,Nursing And Feeding,03.203|01.203,"Rs. 1,000",1
3 In 1 Ratter,Product,Toys And Dolls,1.202,Rs. 570,32
Giraffe Teether,Product,Toys And Dolls,1.201,Rs. 670,35
Mido Brush,Product,Care And Beauty/Hygiene,1.2,Rs. 190,2
Children Rabbit Bottle,Product,Nursing And Feeding,4.199,"Rs. 1,400",6
Scooter Toy,Product,Toys And Dolls,0.198,Rs. 200,2
Labubu Doll,Product,Toys And Dolls,2101662,"Rs. 1,000",10
Baby Musical Walker,Product,Toys And Dolls,2105491,"Rs. 5,400",11 PCS
Mat,Product,Clothes,24.654,"Rs. 2,500",1
Blanket With Pillow,Product,Clothes,289|00.289,"Rs. 1,200",8
6 Pcs Hankey Set,Product,Clothes,590|00.590,"Rs. 1,300",8
Holding Blanket,Product,Clothes,523|23.523,Rs. 950,11
Polar Swaddle,Product,Clothes,23.722,Rs. 950,7
Swaddle,Product,Clothes,524|00.524,Rs. 850,16
Thermal Set Size 110,Product,Clothes/Set Dress,9.76,Rs. 990,1
Aiwibi Kids Toothpaste,Product,Care And Beauty/Hygiene,3.188,Rs. 200,5
Monkey Cap,Product,Clothes/Topi,0.754,Rs. 300,16
Christmas Romper,Product,Clothes/Romper,20.186,Rs. 790,3
Christmas Romper,,,,,
BeetRoot Powder,Product,Food,1701184,Rs. 425,1 PCS
Kids Down Jacket,Product,Clothes,0.181,"Rs. 2,200",2
kitten Christmas Set Dress,Product,Clothes/Set Dress,0.179,"Rs. 2,100",4
Christmas Set,Product,Clothes/Set Dress,0.178,"Rs. 1,700",5
Rabbit Jogger,Product,Clothes,0.175,Rs. 550,15
Superhero Jogger,Product,Clothes,0.174,Rs. 650,29
Pink Jogger,Product,Clothes,18.172,Rs. 550,108
Cotton Tight Stocking,Product,Clothes,16.171,Rs. 550,49
Police Off Road Car,Product,Toys And Dolls,11.17,Rs. 650,14
Caterpillars Baby Toy,Product,Toys And Dolls,11.169,Rs. 350,42
Uk Socks,Product,Clothes/Shoes And Socks,0.168,Rs. 400,46
Gap Jogger,Product,Clothes,18.167|00.167,Rs. 850,1
Ribbon Pant 26-30,Product,Clothes,18.165,"Rs. 1,550",3
Ribbon Pant 16-20,Product,Clothes,18.163,"Rs. 1,300",5
Pocket Bear Pant,Product,Clothes,18.162,"Rs. 1,350",3
High Quality Cotton Pant,Product,Clothes,18.161,"Rs. 1,350",5
Bath Rob,Product,Clothes,0.154,"Rs. 1,400",3
Blanket With Teddy Toy,Product,Clothes,0.151,"Rs. 1,450",9
Trench Coat,Product,Clothes,0.15,"Rs. 3,200",11
Verrnon Juniors Boxer,Product,Clothes,0.144,Rs. 750,70
Big Bow Zip Set Dress,Product,Clothes/Set Dress,0.143,"Rs. 1,850",1
XEB Kids Jacket,Product,Clothes,6.14,"Rs. 1,250",5
Angle Children Water Bottle,Product,Nursing And Feeding,4.139,"Rs. 1,250",3
Syltan Grip Socks,Product,Clothes/Shoes And Socks,0.138,"Rs. 1,200",41.5 PAC
Attach Tneck Set Dress,Product,Clothes/Set Dress,5.765,"Rs. 1,040",11
Bubble Gun,Product,Toys And Dolls,2602136,"Rs. 2,500",2
Scissors (FARLIN),Product,Toys And Dolls,671,Rs. 450,3 PCS
Dr Gym Pair Silican Spoon,Product,Nursing And Feeding,1.281,Rs. 250,13
Baby Bow Spoon Set,Product,Nursing And Feeding,046|01.046,Rs. 450,3
Dr Gym Single Silican Spoon,Product,Nursing And Feeding,291|01.291,Rs. 225,1
Silicone Children Tableware,Product,Nursing And Feeding,570|02.570,Rs. 650,1
Bottle Cleaner A,Product,Care And Beauty/Hygiene,1.642,Rs. 250,20
Pacifier Holder,Product,Mumbuds,2.313,Rs. 500,16
Bany Comb And Brush Set,Product,Care And Beauty,572|01.572,Rs. 650,7
Hair Tools,Product,Care And Beauty,1.607,Rs. 350,11
Baby Feeding Spoon,Product,Nursing And Feeding,286,Rs. 350,35
Instant Snack 0.5Kg,Product,Food,1700121,Rs. 340,13
Instant Snacks,Product,Food,1700120,Rs. 670,2 KG
Hearth And Bow Set,Product,Clothes/Set Dress,22.119,"Rs. 1,750",2
Sunglasses,Product,Care And Beauty,51,Rs. 970,21
Beauty Tool,Product,Care And Beauty,290|02.290,Rs. 450,5
Baby Teether,Product,Toys And Dolls,4.608,Rs. 350,1
Fancy Long Socks,Product,Clothes/Shoes And Socks,4.113,"Rs. 1,150",10
Cartoon Light Earpick,Product,Care And Beauty,283|01.283,Rs. 250,1
Dr Gym Nail Cutter,Product,Care And Beauty,3.282,Rs. 150,12
Kiddy Cotton Buds,Product,Care And Beauty,1.11,Rs. 150,1
Nail Clipper Set,Product,Care And Beauty,2.300|02.300,Rs. 500,6
Bottle Nipple Liquid Cleanser,Product,Care And Beauty/Hygiene,4.687,"Rs. 1,400",1
Aiwibi Baby Laundry Detergent 1000ML,Product,Care And Beauty/Hygiene,4.017,"Rs. 1,090",1
Aiwibi Baby Body Lotion,Product,Care And Beauty,176|03.176,Rs. 650,6
Aiwibi Baby Bubble Wash And Shampoo,Product,Care And Beauty,1303463,Rs. 650,6
Aiwibi Baby Massage Oil,Product,Care And Beauty,3.461,Rs. 590,3
Aiwibi Baby Sunscreen Lotion,Product,Care And Beauty,401014,Rs. 690,29 PCS
Aiwibi Baby Adjustable Bib,Product,Mumbuds,490|03.490,Rs. 300,8
Breast Firming Cream,Product,Care And Beauty,514|03.514,"Rs. 1,200",6
Stretch Marks Cream,Product,Care And Beauty,515|03.515,Rs. 800,6
Melodika,Product,Toys And Dolls,2604408,Rs. 500,6
Teddy Bear Doll,Product,Toys And Dolls,00.798|14.798,Rs. 850,4
Miss Rachel Big Size,Product,Toys And Dolls,196|14.196,"Rs. 2,500",16
Ultra Air Night,Product,Care And Beauty,02.568|568,Rs. 500,7
Light Spot,Product,Toys And Dolls,15.089,Rs. 0,2
Domino Train,Product,Toys And Dolls,2202492,"Rs. 1,500",1 PCS
Fright Duck,Product,Toys And Dolls,2202303,"Rs. 1,000",3 PCS
Music Unicorn Toys,Product,Toys And Dolls,12.642,Rs. 450,15
Bubble Pen,Product,Toys And Dolls,743|00.743,Rs. 450,2
Diaper Rash Cream,Product,Care And Beauty,512|03.512,Rs. 700,12
U-Shape Brush,Product,Care And Beauty,566|02.566,Rs. 450,32
Baby Spoon Set,Product,Nursing And Feeding,294,Rs. 450,4
Glitter Tattoos Kit,Product,Care And Beauty,239|02.239,"Rs. 1,300",8
Baby Nail Trimmer,Product,Care And Beauty,791,Rs. 650,16
Children Straw Bottle,Product,Nursing And Feeding,4.801,Rs. 800,2
Cereal,Product,Food,1706070,Rs. 670,5 KG
Ragi Flour,Product,Food,1704069,Rs. 350,2
Zuvara Diaper NB 22 Pcs,Product,Mumbuds,4.684,Rs. 525,2
Simulated Kitchen Set,Product,Toys And Dolls,5.302,"Rs. 4,000",1
Little Cute Ducks,Product,Toys And Dolls,0.802,"Rs. 1,250",5
Aiwibi Baby Feesing Bottle 240ML,Product,Nursing And Feeding,3.495,"Rs. 1,490",7
Aiwibi Water Bottle With Straw 300ML,Product,Nursing And Feeding,3.177,"Rs. 1,340",7
Dinosaure Hat,Product,Clothes/Topi,0.757,Rs. 650,3
Hot Bowl,Product,Nursing And Feeding,0.799,Rs. 550,25
Pumpum Topi,Product,Clothes/Topi,721,Rs. 450,5
Aiwibi Baby Wet Wipes,Product,Mumbuds,3.004,Rs. 200,43
MumBuds Diaper XLL 34 Pcs,Product,Mumbuds,3.054,"Rs. 1,100",6
MumBuds Diaper NB 22 Pcs,Product,Mumbuds,3.052,Rs. 525,10
MumBuds Diaper Large 40 Pcs,Product,Mumbuds,3.051,"Rs. 1,100",6
MumBuds Diaper Medium 40 Pcs,Product,Mumbuds,03.050|6940542774509,"Rs. 1,100",6
MumBuds Diaper Small 40 Pcs,Product,Mumbuds,03.049|6940542770594,"Rs. 1,100",9
Girls Dhori Topi,Product,Clothes/Topi,0.828,Rs. 400,6
Bear Romper,Product,Clothes/Romper,23.726,"Rs. 1,250",1
Rockey Set Dress,Product,Clothes/Set Dress,0.832,"Rs. 1,850",5
Natura Extra Virgin Coconut Oil Enrched And Cold-Pressed 180ML,Product,Care And Beauty/Natural Earth,1400542,Rs. 500,2 PCS
Natural Extra Virgin Coconut Oil Infused With Algae 500ML,Product,Care And Beauty/Natural Earth,1400543,"Rs. 1,600",2
E Book,Product,Toys And Dolls,20.615|12.615,"Rs. 1,250",18
Water Jar,Product,Toys And Dolls,2102741,Rs. 850,6
3 Pcs Set Dress,Product,Clothes/Set Dress,22.035,"Rs. 1,960",50
Baby Zip Romper,Product,Clothes/Romper,19.034,"Rs. 2,000",25
Handheld KTV Mike,Product,Toys And Dolls,616|11.616,"Rs. 1,100",33
Glitter Makeup Set,Product,Care And Beauty,15.788,"Rs. 2,800",1
Nuts And Seeds,Product,Food,2500510,Rs. 450,6
Fashion Beauty Makeup Kit,Product,Care And Beauty,2101025,"Rs. 2,500",4
Grips Socks,Product,Clothes/Shoes And Socks,0.83,Rs. 250,12
Baby Unisex Shoes,Product,Clothes/Shoes And Socks,0.825,Rs. 550,9
Angora Syltan Stocking,Product,Clothes,0.821,Rs. 700,27
Daliya,Product,Food,1701502,Rs. 465,2
Sudo Cream 125Gram,Product,Care And Beauty,1403664,"Rs. 3,000",9
Bubble Set Dress,Product,Clothes/Set Dress,0.834,"Rs. 1,800",11
Woolen High Neck,Product,Clothes,7.819,Rs. 650,1
Cardigan,Product,Flair Nepal,0.838,"Rs. 1,250",1
Nutri Flour Stage 4 Half Kg,Product,Food,1704499,Rs. 325,9
Nutri Flour Stage 4,Product,Food,1704482,Rs. 640,4 KG
Nutri Flour Stage 3 Half Kg,Product,Food,25.498,Rs. 320,7
Nutri Flour Stage 3,Product,Food,1702481,Rs. 630,3 KG
Nutri Flour Stage 2 Half Kg,Product,Food,25.497,Rs. 315,2
Nutri Flour Stage 1 Half Kg,Product,Food,25.496,Rs. 305,3
Nutri Flour Stage 1 Half Kg,,,,,
